DATE_KEY,FULL_DATE,DAY_NUMBER,DAY_NAME,WEEK_NUMBER,MONTH_NUMBER,MONTH_NAME,QUARTER_NUMBER,QUARTER_NAME,YEAR_NUMBER,IS_WEEKEND
20240101,2024-01-01,1,Mon,1,1,Jan,1,Q1,2024,FALSE
20240102,2024-01-02,2,Tue,1,1,Jan,1,Q1,2024,FALSE
20240103,2024-01-03,3,Wed,1,1,Jan,1,Q1,2024,FALSE
20240104,2024-01-04,4,Thu,1,1,Jan,1,Q1,2024,FALSE
20240105,2024-01-05,5,Fri,1,1,Jan,1,Q1,2024,FALSE
20240106,2024-01-06,6,Sat,1,1,Jan,1,Q1,2024,TRUE
20240107,2024-01-07,7,Sun,1,1,Jan,1,Q1,2024,TRUE
20240108,2024-01-08,8,Mon,2,1,Jan,1,Q1,2024,FALSE
20240109,2024-01-09,9,Tue,2,1,Jan,1,Q1,2024,FALSE
20240110,2024-01-10,10,Wed,2,1,Jan,1,Q1,2024,FALSE
20240111,2024-01-11,11,Thu,2,1,Jan,1,Q1,2024,FALSE
20240112,2024-01-12,12,Fri,2,1,Jan,1,Q1,2024,FALSE
20240113,2024-01-13,13,Sat,2,1,Jan,1,Q1,2024,TRUE
20240114,2024-01-14,14,Sun,2,1,Jan,1,Q1,2024,TRUE
20240115,2024-01-15,15,Mon,3,1,Jan,1,Q1,2024,FALSE
20240116,2024-01-16,16,Tue,3,1,Jan,1,Q1,2024,FALSE
20240117,2024-01-17,17,Wed,3,1,Jan,1,Q1,2024,FALSE
20240118,2024-01-18,18,Thu,3,1,Jan,1,Q1,2024,FALSE
20240119,2024-01-19,19,Fri,3,1,Jan,1,Q1,2024,FALSE
20240120,2024-01-20,20,Sat,3,1,Jan,1,Q1,2024,TRUE
20240121,2024-01-21,21,Sun,3,1,Jan,1,Q1,2024,TRUE
20240122,2024-01-22,22,Mon,4,1,Jan,1,Q1,2024,FALSE
20240123,2024-01-23,23,Tue,4,1,Jan,1,Q1,2024,FALSE
20240124,2024-01-24,24,Wed,4,1,Jan,1,Q1,2024,FALSE
20240125,2024-01-25,25,Thu,4,1,Jan,1,Q1,2024,FALSE
20240126,2024-01-26,26,Fri,4,1,Jan,1,Q1,2024,FALSE
20240127,2024-01-27,27,Sat,4,1,Jan,1,Q1,2024,TRUE
20240128,2024-01-28,28,Sun,4,1,Jan,1,Q1,2024,TRUE
20240129,2024-01-29,29,Mon,5,1,Jan,1,Q1,2024,FALSE
20240130,2024-01-30,30,Tue,5,1,Jan,1,Q1,2024,FALSE
20240131,2024-01-31,31,Wed,5,1,Jan,1,Q1,2024,FALSE
20240201,2024-02-01,1,Thu,5,2,Feb,1,Q1,2024,FALSE
20240202,2024-02-02,2,Fri,5,2,Feb,1,Q1,2024,FALSE
20240203,2024-02-03,3,Sat,5,2,Feb,1,Q1,2024,TRUE
20240204,2024-02-04,4,Sun,5,2,Feb,1,Q1,2024,TRUE
20240205,2024-02-05,5,Mon,6,2,Feb,1,Q1,2024,FALSE
20240206,2024-02-06,6,Tue,6,2,Feb,1,Q1,2024,FALSE
20240207,2024-02-07,7,Wed,6,2,Feb,1,Q1,2024,FALSE
20240208,2024-02-08,8,Thu,6,2,Feb,1,Q1,2024,FALSE
20240209,2024-02-09,9,Fri,6,2,Feb,1,Q1,2024,FALSE
20240210,2024-02-10,10,Sat,6,2,Feb,1,Q1,2024,TRUE
20240211,2024-02-11,11,Sun,6,2,Feb,1,Q1,2024,TRUE
20240212,2024-02-12,12,Mon,7,2,Feb,1,Q1,2024,FALSE
20240213,2024-02-13,13,Tue,7,2,Feb,1,Q1,2024,FALSE
20240214,2024-02-14,14,Wed,7,2,Feb,1,Q1,2024,FALSE
20240215,2024-02-15,15,Thu,7,2,Feb,1,Q1,2024,FALSE
20240216,2024-02-16,16,Fri,7,2,Feb,1,Q1,2024,FALSE
20240217,2024-02-17,17,Sat,7,2,Feb,1,Q1,2024,TRUE
20240218,2024-02-18,18,Sun,7,2,Feb,1,Q1,2024,TRUE
20240219,2024-02-19,19,Mon,8,2,Feb,1,Q1,2024,FALSE
20240220,2024-02-20,20,Tue,8,2,Feb,1,Q1,2024,FALSE
20240221,2024-02-21,21,Wed,8,2,Feb,1,Q1,2024,FALSE
20240222,2024-02-22,22,Thu,8,2,Feb,1,Q1,2024,FALSE
20240223,2024-02-23,23,Fri,8,2,Feb,1,Q1,2024,FALSE
20240224,2024-02-24,24,Sat,8,2,Feb,1,Q1,2024,TRUE
20240225,2024-02-25,25,Sun,8,2,Feb,1,Q1,2024,TRUE
20240226,2024-02-26,26,Mon,9,2,Feb,1,Q1,2024,FALSE
20240227,2024-02-27,27,Tue,9,2,Feb,1,Q1,2024,FALSE
20240228,2024-02-28,28,Wed,9,2,Feb,1,Q1,2024,FALSE
20240229,2024-02-29,29,Thu,9,2,Feb,1,Q1,2024,FALSE
20240301,2024-03-01,1,Fri,9,3,Mar,1,Q1,2024,FALSE
20240302,2024-03-02,2,Sat,9,3,Mar,1,Q1,2024,TRUE
20240303,2024-03-03,3,Sun,9,3,Mar,1,Q1,2024,TRUE
20240304,2024-03-04,4,Mon,10,3,Mar,1,Q1,2024,FALSE
20240305,2024-03-05,5,Tue,10,3,Mar,1,Q1,2024,FALSE
20240306,2024-03-06,6,Wed,10,3,Mar,1,Q1,2024,FALSE
20240307,2024-03-07,7,Thu,10,3,Mar,1,Q1,2024,FALSE
20240308,2024-03-08,8,Fri,10,3,Mar,1,Q1,2024,FALSE
20240309,2024-03-09,9,Sat,10,3,Mar,1,Q1,2024,TRUE
20240310,2024-03-10,10,Sun,10,3,Mar,1,Q1,2024,TRUE
20240311,2024-03-11,11,Mon,11,3,Mar,1,Q1,2024,FALSE
20240312,2024-03-12,12,Tue,11,3,Mar,1,Q1,2024,FALSE
20240313,2024-03-13,13,Wed,11,3,Mar,1,Q1,2024,FALSE
20240314,2024-03-14,14,Thu,11,3,Mar,1,Q1,2024,FALSE
20240315,2024-03-15,15,Fri,11,3,Mar,1,Q1,2024,FALSE
20240316,2024-03-16,16,Sat,11,3,Mar,1,Q1,2024,TRUE
20240317,2024-03-17,17,Sun,11,3,Mar,1,Q1,2024,TRUE
20240318,2024-03-18,18,Mon,12,3,Mar,1,Q1,2024,FALSE
20240319,2024-03-19,19,Tue,12,3,Mar,1,Q1,2024,FALSE
20240320,2024-03-20,20,Wed,12,3,Mar,1,Q1,2024,FALSE
20240321,2024-03-21,21,Thu,12,3,Mar,1,Q1,2024,FALSE
20240322,2024-03-22,22,Fri,12,3,Mar,1,Q1,2024,FALSE
20240323,2024-03-23,23,Sat,12,3,Mar,1,Q1,2024,TRUE
20240324,2024-03-24,24,Sun,12,3,Mar,1,Q1,2024,TRUE
20240325,2024-03-25,25,Mon,13,3,Mar,1,Q1,2024,FALSE
20240326,2024-03-26,26,Tue,13,3,Mar,1,Q1,2024,FALSE
20240327,2024-03-27,27,Wed,13,3,Mar,1,Q1,2024,FALSE
20240328,2024-03-28,28,Thu,13,3,Mar,1,Q1,2024,FALSE
20240329,2024-03-29,29,Fri,13,3,Mar,1,Q1,2024,FALSE
20240330,2024-03-30,30,Sat,13,3,Mar,1,Q1,2024,TRUE
20240331,2024-03-31,31,Sun,13,3,Mar,1,Q1,2024,TRUE
20240401,2024-04-01,1,Mon,14,4,Apr,2,Q2,2024,FALSE
20240402,2024-04-02,2,Tue,14,4,Apr,2,Q2,2024,FALSE
20240403,2024-04-03,3,Wed,14,4,Apr,2,Q2,2024,FALSE
20240404,2024-04-04,4,Thu,14,4,Apr,2,Q2,2024,FALSE
20240405,2024-04-05,5,Fri,14,4,Apr,2,Q2,2024,FALSE
20240406,2024-04-06,6,Sat,14,4,Apr,2,Q2,2024,TRUE
20240407,2024-04-07,7,Sun,14,4,Apr,2,Q2,2024,TRUE
20240408,2024-04-08,8,Mon,15,4,Apr,2,Q2,2024,FALSE
20240409,2024-04-09,9,Tue,15,4,Apr,2,Q2,2024,FALSE
20240410,2024-04-10,10,Wed,15,4,Apr,2,Q2,2024,FALSE
20240411,2024-04-11,11,Thu,15,4,Apr,2,Q2,2024,FALSE
20240412,2024-04-12,12,Fri,15,4,Apr,2,Q2,2024,FALSE
20240413,2024-04-13,13,Sat,15,4,Apr,2,Q2,2024,TRUE
20240414,2024-04-14,14,Sun,15,4,Apr,2,Q2,2024,TRUE
20240415,2024-04-15,15,Mon,16,4,Apr,2,Q2,2024,FALSE
20240416,2024-04-16,16,Tue,16,4,Apr,2,Q2,2024,FALSE
20240417,2024-04-17,17,Wed,16,4,Apr,2,Q2,2024,FALSE
20240418,2024-04-18,18,Thu,16,4,Apr,2,Q2,2024,FALSE
20240419,2024-04-19,19,Fri,16,4,Apr,2,Q2,2024,FALSE
20240420,2024-04-20,20,Sat,16,4,Apr,2,Q2,2024,TRUE
20240421,2024-04-21,21,Sun,16,4,Apr,2,Q2,2024,TRUE
20240422,2024-04-22,22,Mon,17,4,Apr,2,Q2,2024,FALSE
20240423,2024-04-23,23,Tue,17,4,Apr,2,Q2,2024,FALSE
20240424,2024-04-24,24,Wed,17,4,Apr,2,Q2,2024,FALSE
20240425,2024-04-25,25,Thu,17,4,Apr,2,Q2,2024,FALSE
20240426,2024-04-26,26,Fri,17,4,Apr,2,Q2,2024,FALSE
20240427,2024-04-27,27,Sat,17,4,Apr,2,Q2,2024,TRUE
20240428,2024-04-28,28,Sun,17,4,Apr,2,Q2,2024,TRUE
20240429,2024-04-29,29,Mon,18,4,Apr,2,Q2,2024,FALSE
20240430,2024-04-30,30,Tue,18,4,Apr,2,Q2,2024,FALSE
20240501,2024-05-01,1,Wed,18,5,May,2,Q2,2024,FALSE
20240502,2024-05-02,2,Thu,18,5,May,2,Q2,2024,FALSE
20240503,2024-05-03,3,Fri,18,5,May,2,Q2,2024,FALSE
20240504,2024-05-04,4,Sat,18,5,May,2,Q2,2024,TRUE
20240505,2024-05-05,5,Sun,18,5,May,2,Q2,2024,TRUE
20240506,2024-05-06,6,Mon,19,5,May,2,Q2,2024,FALSE
20240507,2024-05-07,7,Tue,19,5,May,2,Q2,2024,FALSE
20240508,2024-05-08,8,Wed,19,5,May,2,Q2,2024,FALSE
20240509,2024-05-09,9,Thu,19,5,May,2,Q2,2024,FALSE
20240510,2024-05-10,10,Fri,19,5,May,2,Q2,2024,FALSE
20240511,2024-05-11,11,Sat,19,5,May,2,Q2,2024,TRUE
20240512,2024-05-12,12,Sun,19,5,May,2,Q2,2024,TRUE
20240513,2024-05-13,13,Mon,20,5,May,2,Q2,2024,FALSE
20240514,2024-05-14,14,Tue,20,5,May,2,Q2,2024,FALSE
20240515,2024-05-15,15,Wed,20,5,May,2,Q2,2024,FALSE
20240516,2024-05-16,16,Thu,20,5,May,2,Q2,2024,FALSE
20240517,2024-05-17,17,Fri,20,5,May,2,Q2,2024,FALSE
20240518,2024-05-18,18,Sat,20,5,May,2,Q2,2024,TRUE
20240519,2024-05-19,19,Sun,20,5,May,2,Q2,2024,TRUE
20240520,2024-05-20,20,Mon,21,5,May,2,Q2,2024,FALSE
20240521,2024-05-21,21,Tue,21,5,May,2,Q2,2024,FALSE
20240522,2024-05-22,22,Wed,21,5,May,2,Q2,2024,FALSE
20240523,2024-05-23,23,Thu,21,5,May,2,Q2,2024,FALSE
20240524,2024-05-24,24,Fri,21,5,May,2,Q2,2024,FALSE
20240525,2024-05-25,25,Sat,21,5,May,2,Q2,2024,TRUE
20240526,2024-05-26,26,Sun,21,5,May,2,Q2,2024,TRUE
20240527,2024-05-27,27,Mon,22,5,May,2,Q2,2024,FALSE
20240528,2024-05-28,28,Tue,22,5,May,2,Q2,2024,FALSE
20240529,2024-05-29,29,Wed,22,5,May,2,Q2,2024,FALSE
20240530,2024-05-30,30,Thu,22,5,May,2,Q2,2024,FALSE
20240531,2024-05-31,31,Fri,22,5,May,2,Q2,2024,FALSE
20240601,2024-06-01,1,Sat,22,6,Jun,2,Q2,2024,TRUE
20240602,2024-06-02,2,Sun,22,6,Jun,2,Q2,2024,TRUE
20240603,2024-06-03,3,Mon,23,6,Jun,2,Q2,2024,FALSE
20240604,2024-06-04,4,Tue,23,6,Jun,2,Q2,2024,FALSE
20240605,2024-06-05,5,Wed,23,6,Jun,2,Q2,2024,FALSE
20240606,2024-06-06,6,Thu,23,6,Jun,2,Q2,2024,FALSE
20240607,2024-06-07,7,Fri,23,6,Jun,2,Q2,2024,FALSE
20240608,2024-06-08,8,Sat,23,6,Jun,2,Q2,2024,TRUE
20240609,2024-06-09,9,Sun,23,6,Jun,2,Q2,2024,TRUE
20240610,2024-06-10,10,Mon,24,6,Jun,2,Q2,2024,FALSE
20240611,2024-06-11,11,Tue,24,6,Jun,2,Q2,2024,FALSE
20240612,2024-06-12,12,Wed,24,6,Jun,2,Q2,2024,FALSE
20240613,2024-06-13,13,Thu,24,6,Jun,2,Q2,2024,FALSE
20240614,2024-06-14,14,Fri,24,6,Jun,2,Q2,2024,FALSE
20240615,2024-06-15,15,Sat,24,6,Jun,2,Q2,2024,TRUE
20240616,2024-06-16,16,Sun,24,6,Jun,2,Q2,2024,TRUE
20240617,2024-06-17,17,Mon,25,6,Jun,2,Q2,2024,FALSE
20240618,2024-06-18,18,Tue,25,6,Jun,2,Q2,2024,FALSE
20240619,2024-06-19,19,Wed,25,6,Jun,2,Q2,2024,FALSE
20240620,2024-06-20,20,Thu,25,6,Jun,2,Q2,2024,FALSE
20240621,2024-06-21,21,Fri,25,6,Jun,2,Q2,2024,FALSE
20240622,2024-06-22,22,Sat,25,6,Jun,2,Q2,2024,TRUE
20240623,2024-06-23,23,Sun,25,6,Jun,2,Q2,2024,TRUE
20240624,2024-06-24,24,Mon,26,6,Jun,2,Q2,2024,FALSE
20240625,2024-06-25,25,Tue,26,6,Jun,2,Q2,2024,FALSE
20240626,2024-06-26,26,Wed,26,6,Jun,2,Q2,2024,FALSE
20240627,2024-06-27,27,Thu,26,6,Jun,2,Q2,2024,FALSE
20240628,2024-06-28,28,Fri,26,6,Jun,2,Q2,2024,FALSE
20240629,2024-06-29,29,Sat,26,6,Jun,2,Q2,2024,TRUE
20240630,2024-06-30,30,Sun,26,6,Jun,2,Q2,2024,TRUE
20240701,2024-07-01,1,Mon,27,7,Jul,3,Q3,2024,FALSE
20240702,2024-07-02,2,Tue,27,7,Jul,3,Q3,2024,FALSE
20240703,2024-07-03,3,Wed,27,7,Jul,3,Q3,2024,FALSE
20240704,2024-07-04,4,Thu,27,7,Jul,3,Q3,2024,FALSE
20240705,2024-07-05,5,Fri,27,7,Jul,3,Q3,2024,FALSE
20240706,2024-07-06,6,Sat,27,7,Jul,3,Q3,2024,TRUE
20240707,2024-07-07,7,Sun,27,7,Jul,3,Q3,2024,TRUE
20240708,2024-07-08,8,Mon,28,7,Jul,3,Q3,2024,FALSE
20240709,2024-07-09,9,Tue,28,7,Jul,3,Q3,2024,FALSE
20240710,2024-07-10,10,Wed,28,7,Jul,3,Q3,2024,FALSE
20240711,2024-07-11,11,Thu,28,7,Jul,3,Q3,2024,FALSE
20240712,2024-07-12,12,Fri,28,7,Jul,3,Q3,2024,FALSE
20240713,2024-07-13,13,Sat,28,7,Jul,3,Q3,2024,TRUE
20240714,2024-07-14,14,Sun,28,7,Jul,3,Q3,2024,TRUE
20240715,2024-07-15,15,Mon,29,7,Jul,3,Q3,2024,FALSE
20240716,2024-07-16,16,Tue,29,7,Jul,3,Q3,2024,FALSE
20240717,2024-07-17,17,Wed,29,7,Jul,3,Q3,2024,FALSE
20240718,2024-07-18,18,Thu,29,7,Jul,3,Q3,2024,FALSE
20240719,2024-07-19,19,Fri,29,7,Jul,3,Q3,2024,FALSE
20240720,2024-07-20,20,Sat,29,7,Jul,3,Q3,2024,TRUE
20240721,2024-07-21,21,Sun,29,7,Jul,3,Q3,2024,TRUE
20240722,2024-07-22,22,Mon,30,7,Jul,3,Q3,2024,FALSE
20240723,2024-07-23,23,Tue,30,7,Jul,3,Q3,2024,FALSE
20240724,2024-07-24,24,Wed,30,7,Jul,3,Q3,2024,FALSE
20240725,2024-07-25,25,Thu,30,7,Jul,3,Q3,2024,FALSE
20240726,2024-07-26,26,Fri,30,7,Jul,3,Q3,2024,FALSE
20240727,2024-07-27,27,Sat,30,7,Jul,3,Q3,2024,TRUE
20240728,2024-07-28,28,Sun,30,7,Jul,3,Q3,2024,TRUE
20240729,2024-07-29,29,Mon,31,7,Jul,3,Q3,2024,FALSE
20240730,2024-07-30,30,Tue,31,7,Jul,3,Q3,2024,FALSE
20240731,2024-07-31,31,Wed,31,7,Jul,3,Q3,2024,FALSE
20240801,2024-08-01,1,Thu,31,8,Aug,3,Q3,2024,FALSE
20240802,2024-08-02,2,Fri,31,8,Aug,3,Q3,2024,FALSE
20240803,2024-08-03,3,Sat,31,8,Aug,3,Q3,2024,TRUE
20240804,2024-08-04,4,Sun,31,8,Aug,3,Q3,2024,TRUE
20240805,2024-08-05,5,Mon,32,8,Aug,3,Q3,2024,FALSE
20240806,2024-08-06,6,Tue,32,8,Aug,3,Q3,2024,FALSE
20240807,2024-08-07,7,Wed,32,8,Aug,3,Q3,2024,FALSE
20240808,2024-08-08,8,Thu,32,8,Aug,3,Q3,2024,FALSE
20240809,2024-08-09,9,Fri,32,8,Aug,3,Q3,2024,FALSE
20240810,2024-08-10,10,Sat,32,8,Aug,3,Q3,2024,TRUE
20240811,2024-08-11,11,Sun,32,8,Aug,3,Q3,2024,TRUE
20240812,2024-08-12,12,Mon,33,8,Aug,3,Q3,2024,FALSE
20240813,2024-08-13,13,Tue,33,8,Aug,3,Q3,2024,FALSE
20240814,2024-08-14,14,Wed,33,8,Aug,3,Q3,2024,FALSE
20240815,2024-08-15,15,Thu,33,8,Aug,3,Q3,2024,FALSE
20240816,2024-08-16,16,Fri,33,8,Aug,3,Q3,2024,FALSE
20240817,2024-08-17,17,Sat,33,8,Aug,3,Q3,2024,TRUE
20240818,2024-08-18,18,Sun,33,8,Aug,3,Q3,2024,TRUE
20240819,2024-08-19,19,Mon,34,8,Aug,3,Q3,2024,FALSE
20240820,2024-08-20,20,Tue,34,8,Aug,3,Q3,2024,FALSE
20240821,2024-08-21,21,Wed,34,8,Aug,3,Q3,2024,FALSE
20240822,2024-08-22,22,Thu,34,8,Aug,3,Q3,2024,FALSE
20240823,2024-08-23,23,Fri,34,8,Aug,3,Q3,2024,FALSE
20240824,2024-08-24,24,Sat,34,8,Aug,3,Q3,2024,TRUE
20240825,2024-08-25,25,Sun,34,8,Aug,3,Q3,2024,TRUE
20240826,2024-08-26,26,Mon,35,8,Aug,3,Q3,2024,FALSE
20240827,2024-08-27,27,Tue,35,8,Aug,3,Q3,2024,FALSE
20240828,2024-08-28,28,Wed,35,8,Aug,3,Q3,2024,FALSE
20240829,2024-08-29,29,Thu,35,8,Aug,3,Q3,2024,FALSE
20240830,2024-08-30,30,Fri,35,8,Aug,3,Q3,2024,FALSE
20240831,2024-08-31,31,Sat,35,8,Aug,3,Q3,2024,TRUE
20240901,2024-09-01,1,Sun,35,9,Sep,3,Q3,2024,TRUE
20240902,2024-09-02,2,Mon,36,9,Sep,3,Q3,2024,FALSE
20240903,2024-09-03,3,Tue,36,9,Sep,3,Q3,2024,FALSE
20240904,2024-09-04,4,Wed,36,9,Sep,3,Q3,2024,FALSE
20240905,2024-09-05,5,Thu,36,9,Sep,3,Q3,2024,FALSE
20240906,2024-09-06,6,Fri,36,9,Sep,3,Q3,2024,FALSE
20240907,2024-09-07,7,Sat,36,9,Sep,3,Q3,2024,TRUE
20240908,2024-09-08,8,Sun,36,9,Sep,3,Q3,2024,TRUE
20240909,2024-09-09,9,Mon,37,9,Sep,3,Q3,2024,FALSE
20240910,2024-09-10,10,Tue,37,9,Sep,3,Q3,2024,FALSE
20240911,2024-09-11,11,Wed,37,9,Sep,3,Q3,2024,FALSE
20240912,2024-09-12,12,Thu,37,9,Sep,3,Q3,2024,FALSE
20240913,2024-09-13,13,Fri,37,9,Sep,3,Q3,2024,FALSE
20240914,2024-09-14,14,Sat,37,9,Sep,3,Q3,2024,TRUE
20240915,2024-09-15,15,Sun,37,9,Sep,3,Q3,2024,TRUE
20240916,2024-09-16,16,Mon,38,9,Sep,3,Q3,2024,FALSE
20240917,2024-09-17,17,Tue,38,9,Sep,3,Q3,2024,FALSE
20240918,2024-09-18,18,Wed,38,9,Sep,3,Q3,2024,FALSE
20240919,2024-09-19,19,Thu,38,9,Sep,3,Q3,2024,FALSE
20240920,2024-09-20,20,Fri,38,9,Sep,3,Q3,2024,FALSE
20240921,2024-09-21,21,Sat,38,9,Sep,3,Q3,2024,TRUE
20240922,2024-09-22,22,Sun,38,9,Sep,3,Q3,2024,TRUE
20240923,2024-09-23,23,Mon,39,9,Sep,3,Q3,2024,FALSE
20240924,2024-09-24,24,Tue,39,9,Sep,3,Q3,2024,FALSE
20240925,2024-09-25,25,Wed,39,9,Sep,3,Q3,2024,FALSE
20240926,2024-09-26,26,Thu,39,9,Sep,3,Q3,2024,FALSE
20240927,2024-09-27,27,Fri,39,9,Sep,3,Q3,2024,FALSE
20240928,2024-09-28,28,Sat,39,9,Sep,3,Q3,2024,TRUE
20240929,2024-09-29,29,Sun,39,9,Sep,3,Q3,2024,TRUE
20240930,2024-09-30,30,Mon,40,9,Sep,3,Q3,2024,FALSE
20241001,2024-10-01,1,Tue,40,10,Oct,4,Q4,2024,FALSE
20241002,2024-10-02,2,Wed,40,10,Oct,4,Q4,2024,FALSE
20241003,2024-10-03,3,Thu,40,10,Oct,4,Q4,2024,FALSE
20241004,2024-10-04,4,Fri,40,10,Oct,4,Q4,2024,FALSE
20241005,2024-10-05,5,Sat,40,10,Oct,4,Q4,2024,TRUE
20241006,2024-10-06,6,Sun,40,10,Oct,4,Q4,2024,TRUE
20241007,2024-10-07,7,Mon,41,10,Oct,4,Q4,2024,FALSE
20241008,2024-10-08,8,Tue,41,10,Oct,4,Q4,2024,FALSE
20241009,2024-10-09,9,Wed,41,10,Oct,4,Q4,2024,FALSE
20241010,2024-10-10,10,Thu,41,10,Oct,4,Q4,2024,FALSE
20241011,2024-10-11,11,Fri,41,10,Oct,4,Q4,2024,FALSE
20241012,2024-10-12,12,Sat,41,10,Oct,4,Q4,2024,TRUE
20241013,2024-10-13,13,Sun,41,10,Oct,4,Q4,2024,TRUE
20241014,2024-10-14,14,Mon,42,10,Oct,4,Q4,2024,FALSE
20241015,2024-10-15,15,Tue,42,10,Oct,4,Q4,2024,FALSE
20241016,2024-10-16,16,Wed,42,10,Oct,4,Q4,2024,FALSE
20241017,2024-10-17,17,Thu,42,10,Oct,4,Q4,2024,FALSE
20241018,2024-10-18,18,Fri,42,10,Oct,4,Q4,2024,FALSE
20241019,2024-10-19,19,Sat,42,10,Oct,4,Q4,2024,TRUE
20241020,2024-10-20,20,Sun,42,10,Oct,4,Q4,2024,TRUE
20241021,2024-10-21,21,Mon,43,10,Oct,4,Q4,2024,FALSE
20241022,2024-10-22,22,Tue,43,10,Oct,4,Q4,2024,FALSE
20241023,2024-10-23,23,Wed,43,10,Oct,4,Q4,2024,FALSE
20241024,2024-10-24,24,Thu,43,10,Oct,4,Q4,2024,FALSE
20241025,2024-10-25,25,Fri,43,10,Oct,4,Q4,2024,FALSE
20241026,2024-10-26,26,Sat,43,10,Oct,4,Q4,2024,TRUE
20241027,2024-10-27,27,Sun,43,10,Oct,4,Q4,2024,TRUE
20241028,2024-10-28,28,Mon,44,10,Oct,4,Q4,2024,FALSE
20241029,2024-10-29,29,Tue,44,10,Oct,4,Q4,2024,FALSE
20241030,2024-10-30,30,Wed,44,10,Oct,4,Q4,2024,FALSE
20241031,2024-10-31,31,Thu,44,10,Oct,4,Q4,2024,FALSE
20241101,2024-11-01,1,Fri,44,11,Nov,4,Q4,2024,FALSE
20241102,2024-11-02,2,Sat,44,11,Nov,4,Q4,2024,TRUE
20241103,2024-11-03,3,Sun,44,11,Nov,4,Q4,2024,TRUE
20241104,2024-11-04,4,Mon,45,11,Nov,4,Q4,2024,FALSE
20241105,2024-11-05,5,Tue,45,11,Nov,4,Q4,2024,FALSE
20241106,2024-11-06,6,Wed,45,11,Nov,4,Q4,2024,FALSE
20241107,2024-11-07,7,Thu,45,11,Nov,4,Q4,2024,FALSE
20241108,2024-11-08,8,Fri,45,11,Nov,4,Q4,2024,FALSE
20241109,2024-11-09,9,Sat,45,11,Nov,4,Q4,2024,TRUE
20241110,2024-11-10,10,Sun,45,11,Nov,4,Q4,2024,TRUE
20241111,2024-11-11,11,Mon,46,11,Nov,4,Q4,2024,FALSE
20241112,2024-11-12,12,Tue,46,11,Nov,4,Q4,2024,FALSE
20241113,2024-11-13,13,Wed,46,11,Nov,4,Q4,2024,FALSE
20241114,2024-11-14,14,Thu,46,11,Nov,4,Q4,2024,FALSE
20241115,2024-11-15,15,Fri,46,11,Nov,4,Q4,2024,FALSE
20241116,2024-11-16,16,Sat,46,11,Nov,4,Q4,2024,TRUE
20241117,2024-11-17,17,Sun,46,11,Nov,4,Q4,2024,TRUE
20241118,2024-11-18,18,Mon,47,11,Nov,4,Q4,2024,FALSE
20241119,2024-11-19,19,Tue,47,11,Nov,4,Q4,2024,FALSE
20241120,2024-11-20,20,Wed,47,11,Nov,4,Q4,2024,FALSE
20241121,2024-11-21,21,Thu,47,11,Nov,4,Q4,2024,FALSE
20241122,2024-11-22,22,Fri,47,11,Nov,4,Q4,2024,FALSE
20241123,2024-11-23,23,Sat,47,11,Nov,4,Q4,2024,TRUE
20241124,2024-11-24,24,Sun,47,11,Nov,4,Q4,2024,TRUE
20241125,2024-11-25,25,Mon,48,11,Nov,4,Q4,2024,FALSE
20241126,2024-11-26,26,Tue,48,11,Nov,4,Q4,2024,FALSE
20241127,2024-11-27,27,Wed,48,11,Nov,4,Q4,2024,FALSE
20241128,2024-11-28,28,Thu,48,11,Nov,4,Q4,2024,FALSE
20241129,2024-11-29,29,Fri,48,11,Nov,4,Q4,2024,FALSE
20241130,2024-11-30,30,Sat,48,11,Nov,4,Q4,2024,TRUE
20241201,2024-12-01,1,Sun,48,12,Dec,4,Q4,2024,TRUE
20241202,2024-12-02,2,Mon,49,12,Dec,4,Q4,2024,FALSE
20241203,2024-12-03,3,Tue,49,12,Dec,4,Q4,2024,FALSE
20241204,2024-12-04,4,Wed,49,12,Dec,4,Q4,2024,FALSE
20241205,2024-12-05,5,Thu,49,12,Dec,4,Q4,2024,FALSE
20241206,2024-12-06,6,Fri,49,12,Dec,4,Q4,2024,FALSE
20241207,2024-12-07,7,Sat,49,12,Dec,4,Q4,2024,TRUE
20241208,2024-12-08,8,Sun,49,12,Dec,4,Q4,2024,TRUE
20241209,2024-12-09,9,Mon,50,12,Dec,4,Q4,2024,FALSE
20241210,2024-12-10,10,Tue,50,12,Dec,4,Q4,2024,FALSE
20241211,2024-12-11,11,Wed,50,12,Dec,4,Q4,2024,FALSE
20241212,2024-12-12,12,Thu,50,12,Dec,4,Q4,2024,FALSE
20241213,2024-12-13,13,Fri,50,12,Dec,4,Q4,2024,FALSE
20241214,2024-12-14,14,Sat,50,12,Dec,4,Q4,2024,TRUE
20241215,2024-12-15,15,Sun,50,12,Dec,4,Q4,2024,TRUE
20241216,2024-12-16,16,Mon,51,12,Dec,4,Q4,2024,FALSE
20241217,2024-12-17,17,Tue,51,12,Dec,4,Q4,2024,FALSE
20241218,2024-12-18,18,Wed,51,12,Dec,4,Q4,2024,FALSE
20241219,2024-12-19,19,Thu,51,12,Dec,4,Q4,2024,FALSE
20241220,2024-12-20,20,Fri,51,12,Dec,4,Q4,2024,FALSE
20241221,2024-12-21,21,Sat,51,12,Dec,4,Q4,2024,TRUE
20241222,2024-12-22,22,Sun,51,12,Dec,4,Q4,2024,TRUE
20241223,2024-12-23,23,Mon,52,12,Dec,4,Q4,2024,FALSE
20241224,2024-12-24,24,Tue,52,12,Dec,4,Q4,2024,FALSE
20241225,2024-12-25,25,Wed,52,12,Dec,4,Q4,2024,FALSE
20241226,2024-12-26,26,Thu,52,12,Dec,4,Q4,2024,FALSE
20241227,2024-12-27,27,Fri,52,12,Dec,4,Q4,2024,FALSE
20241228,2024-12-28,28,Sat,52,12,Dec,4,Q4,2024,TRUE
20241229,2024-12-29,29,Sun,52,12,Dec,4,Q4,2024,TRUE
20241230,2024-12-30,30,Mon,1,12,Dec,4,Q4,2024,FALSE
20241231,2024-12-31,31,Tue,1,12,Dec,4,Q4,2024,FALSE
20250101,2025-01-01,1,Wed,1,1,Jan,1,Q1,2025,FALSE
20250102,2025-01-02,2,Thu,1,1,Jan,1,Q1,2025,FALSE
20250103,2025-01-03,3,Fri,1,1,Jan,1,Q1,2025,FALSE
20250104,2025-01-04,4,Sat,1,1,Jan,1,Q1,2025,TRUE
20250105,2025-01-05,5,Sun,1,1,Jan,1,Q1,2025,TRUE
20250106,2025-01-06,6,Mon,2,1,Jan,1,Q1,2025,FALSE
20250107,2025-01-07,7,Tue,2,1,Jan,1,Q1,2025,FALSE
20250108,2025-01-08,8,Wed,2,1,Jan,1,Q1,2025,FALSE
20250109,2025-01-09,9,Thu,2,1,Jan,1,Q1,2025,FALSE
20250110,2025-01-10,10,Fri,2,1,Jan,1,Q1,2025,FALSE
20250111,2025-01-11,11,Sat,2,1,Jan,1,Q1,2025,TRUE
20250112,2025-01-12,12,Sun,2,1,Jan,1,Q1,2025,TRUE
20250113,2025-01-13,13,Mon,3,1,Jan,1,Q1,2025,FALSE
20250114,2025-01-14,14,Tue,3,1,Jan,1,Q1,2025,FALSE
20250115,2025-01-15,15,Wed,3,1,Jan,1,Q1,2025,FALSE
20250116,2025-01-16,16,Thu,3,1,Jan,1,Q1,2025,FALSE
20250117,2025-01-17,17,Fri,3,1,Jan,1,Q1,2025,FALSE
20250118,2025-01-18,18,Sat,3,1,Jan,1,Q1,2025,TRUE
20250119,2025-01-19,19,Sun,3,1,Jan,1,Q1,2025,TRUE
20250120,2025-01-20,20,Mon,4,1,Jan,1,Q1,2025,FALSE
20250121,2025-01-21,21,Tue,4,1,Jan,1,Q1,2025,FALSE
20250122,2025-01-22,22,Wed,4,1,Jan,1,Q1,2025,FALSE
20250123,2025-01-23,23,Thu,4,1,Jan,1,Q1,2025,FALSE
20250124,2025-01-24,24,Fri,4,1,Jan,1,Q1,2025,FALSE
20250125,2025-01-25,25,Sat,4,1,Jan,1,Q1,2025,TRUE
20250126,2025-01-26,26,Sun,4,1,Jan,1,Q1,2025,TRUE
20250127,2025-01-27,27,Mon,5,1,Jan,1,Q1,2025,FALSE
20250128,2025-01-28,28,Tue,5,1,Jan,1,Q1,2025,FALSE
20250129,2025-01-29,29,Wed,5,1,Jan,1,Q1,2025,FALSE
20250130,2025-01-30,30,Thu,5,1,Jan,1,Q1,2025,FALSE
20250131,2025-01-31,31,Fri,5,1,Jan,1,Q1,2025,FALSE
20250201,2025-02-01,1,Sat,5,2,Feb,1,Q1,2025,TRUE
20250202,2025-02-02,2,Sun,5,2,Feb,1,Q1,2025,TRUE
20250203,2025-02-03,3,Mon,6,2,Feb,1,Q1,2025,FALSE
20250204,2025-02-04,4,Tue,6,2,Feb,1,Q1,2025,FALSE
20250205,2025-02-05,5,Wed,6,2,Feb,1,Q1,2025,FALSE
20250206,2025-02-06,6,Thu,6,2,Feb,1,Q1,2025,FALSE
20250207,2025-02-07,7,Fri,6,2,Feb,1,Q1,2025,FALSE
20250208,2025-02-08,8,Sat,6,2,Feb,1,Q1,2025,TRUE
20250209,2025-02-09,9,Sun,6,2,Feb,1,Q1,2025,TRUE
20250210,2025-02-10,10,Mon,7,2,Feb,1,Q1,2025,FALSE
20250211,2025-02-11,11,Tue,7,2,Feb,1,Q1,2025,FALSE
20250212,2025-02-12,12,Wed,7,2,Feb,1,Q1,2025,FALSE
20250213,2025-02-13,13,Thu,7,2,Feb,1,Q1,2025,FALSE
20250214,2025-02-14,14,Fri,7,2,Feb,1,Q1,2025,FALSE
20250215,2025-02-15,15,Sat,7,2,Feb,1,Q1,2025,TRUE
20250216,2025-02-16,16,Sun,7,2,Feb,1,Q1,2025,TRUE
20250217,2025-02-17,17,Mon,8,2,Feb,1,Q1,2025,FALSE
20250218,2025-02-18,18,Tue,8,2,Feb,1,Q1,2025,FALSE
20250219,2025-02-19,19,Wed,8,2,Feb,1,Q1,2025,FALSE
20250220,2025-02-20,20,Thu,8,2,Feb,1,Q1,2025,FALSE
20250221,2025-02-21,21,Fri,8,2,Feb,1,Q1,2025,FALSE
20250222,2025-02-22,22,Sat,8,2,Feb,1,Q1,2025,TRUE
20250223,2025-02-23,23,Sun,8,2,Feb,1,Q1,2025,TRUE
20250224,2025-02-24,24,Mon,9,2,Feb,1,Q1,2025,FALSE
20250225,2025-02-25,25,Tue,9,2,Feb,1,Q1,2025,FALSE
20250226,2025-02-26,26,Wed,9,2,Feb,1,Q1,2025,FALSE
20250227,2025-02-27,27,Thu,9,2,Feb,1,Q1,2025,FALSE
20250228,2025-02-28,28,Fri,9,2,Feb,1,Q1,2025,FALSE
20250301,2025-03-01,1,Sat,9,3,Mar,1,Q1,2025,TRUE
20250302,2025-03-02,2,Sun,9,3,Mar,1,Q1,2025,TRUE
20250303,2025-03-03,3,Mon,10,3,Mar,1,Q1,2025,FALSE
20250304,2025-03-04,4,Tue,10,3,Mar,1,Q1,2025,FALSE
20250305,2025-03-05,5,Wed,10,3,Mar,1,Q1,2025,FALSE
20250306,2025-03-06,6,Thu,10,3,Mar,1,Q1,2025,FALSE
20250307,2025-03-07,7,Fri,10,3,Mar,1,Q1,2025,FALSE
20250308,2025-03-08,8,Sat,10,3,Mar,1,Q1,2025,TRUE
20250309,2025-03-09,9,Sun,10,3,Mar,1,Q1,2025,TRUE
20250310,2025-03-10,10,Mon,11,3,Mar,1,Q1,2025,FALSE
20250311,2025-03-11,11,Tue,11,3,Mar,1,Q1,2025,FALSE
20250312,2025-03-12,12,Wed,11,3,Mar,1,Q1,2025,FALSE
20250313,2025-03-13,13,Thu,11,3,Mar,1,Q1,2025,FALSE
20250314,2025-03-14,14,Fri,11,3,Mar,1,Q1,2025,FALSE
20250315,2025-03-15,15,Sat,11,3,Mar,1,Q1,2025,TRUE
20250316,2025-03-16,16,Sun,11,3,Mar,1,Q1,2025,TRUE
20250317,2025-03-17,17,Mon,12,3,Mar,1,Q1,2025,FALSE
20250318,2025-03-18,18,Tue,12,3,Mar,1,Q1,2025,FALSE
20250319,2025-03-19,19,Wed,12,3,Mar,1,Q1,2025,FALSE
20250320,2025-03-20,20,Thu,12,3,Mar,1,Q1,2025,FALSE
20250321,2025-03-21,21,Fri,12,3,Mar,1,Q1,2025,FALSE
20250322,2025-03-22,22,Sat,12,3,Mar,1,Q1,2025,TRUE
20250323,2025-03-23,23,Sun,12,3,Mar,1,Q1,2025,TRUE
20250324,2025-03-24,24,Mon,13,3,Mar,1,Q1,2025,FALSE
20250325,2025-03-25,25,Tue,13,3,Mar,1,Q1,2025,FALSE
20250326,2025-03-26,26,Wed,13,3,Mar,1,Q1,2025,FALSE
20250327,2025-03-27,27,Thu,13,3,Mar,1,Q1,2025,FALSE
20250328,2025-03-28,28,Fri,13,3,Mar,1,Q1,2025,FALSE
20250329,2025-03-29,29,Sat,13,3,Mar,1,Q1,2025,TRUE
20250330,2025-03-30,30,Sun,13,3,Mar,1,Q1,2025,TRUE
20250331,2025-03-31,31,Mon,14,3,Mar,1,Q1,2025,FALSE
20250401,2025-04-01,1,Tue,14,4,Apr,2,Q2,2025,FALSE
20250402,2025-04-02,2,Wed,14,4,Apr,2,Q2,2025,FALSE
20250403,2025-04-03,3,Thu,14,4,Apr,2,Q2,2025,FALSE
20250404,2025-04-04,4,Fri,14,4,Apr,2,Q2,2025,FALSE
20250405,2025-04-05,5,Sat,14,4,Apr,2,Q2,2025,TRUE
20250406,2025-04-06,6,Sun,14,4,Apr,2,Q2,2025,TRUE
20250407,2025-04-07,7,Mon,15,4,Apr,2,Q2,2025,FALSE
20250408,2025-04-08,8,Tue,15,4,Apr,2,Q2,2025,FALSE
20250409,2025-04-09,9,Wed,15,4,Apr,2,Q2,2025,FALSE
20250410,2025-04-10,10,Thu,15,4,Apr,2,Q2,2025,FALSE
20250411,2025-04-11,11,Fri,15,4,Apr,2,Q2,2025,FALSE
20250412,2025-04-12,12,Sat,15,4,Apr,2,Q2,2025,TRUE
20250413,2025-04-13,13,Sun,15,4,Apr,2,Q2,2025,TRUE
20250414,2025-04-14,14,Mon,16,4,Apr,2,Q2,2025,FALSE
20250415,2025-04-15,15,Tue,16,4,Apr,2,Q2,2025,FALSE
20250416,2025-04-16,16,Wed,16,4,Apr,2,Q2,2025,FALSE
20250417,2025-04-17,17,Thu,16,4,Apr,2,Q2,2025,FALSE
20250418,2025-04-18,18,Fri,16,4,Apr,2,Q2,2025,FALSE
20250419,2025-04-19,19,Sat,16,4,Apr,2,Q2,2025,TRUE
20250420,2025-04-20,20,Sun,16,4,Apr,2,Q2,2025,TRUE
20250421,2025-04-21,21,Mon,17,4,Apr,2,Q2,2025,FALSE
20250422,2025-04-22,22,Tue,17,4,Apr,2,Q2,2025,FALSE
20250423,2025-04-23,23,Wed,17,4,Apr,2,Q2,2025,FALSE
20250424,2025-04-24,24,Thu,17,4,Apr,2,Q2,2025,FALSE
20250425,2025-04-25,25,Fri,17,4,Apr,2,Q2,2025,FALSE
20250426,2025-04-26,26,Sat,17,4,Apr,2,Q2,2025,TRUE
20250427,2025-04-27,27,Sun,17,4,Apr,2,Q2,2025,TRUE
20250428,2025-04-28,28,Mon,18,4,Apr,2,Q2,2025,FALSE
20250429,2025-04-29,29,Tue,18,4,Apr,2,Q2,2025,FALSE
20250430,2025-04-30,30,Wed,18,4,Apr,2,Q2,2025,FALSE
20250501,2025-05-01,1,Thu,18,5,May,2,Q2,2025,FALSE
20250502,2025-05-02,2,Fri,18,5,May,2,Q2,2025,FALSE
20250503,2025-05-03,3,Sat,18,5,May,2,Q2,2025,TRUE
20250504,2025-05-04,4,Sun,18,5,May,2,Q2,2025,TRUE
20250505,2025-05-05,5,Mon,19,5,May,2,Q2,2025,FALSE
20250506,2025-05-06,6,Tue,19,5,May,2,Q2,2025,FALSE
20250507,2025-05-07,7,Wed,19,5,May,2,Q2,2025,FALSE
20250508,2025-05-08,8,Thu,19,5,May,2,Q2,2025,FALSE
20250509,2025-05-09,9,Fri,19,5,May,2,Q2,2025,FALSE
20250510,2025-05-10,10,Sat,19,5,May,2,Q2,2025,TRUE
20250511,2025-05-11,11,Sun,19,5,May,2,Q2,2025,TRUE
20250512,2025-05-12,12,Mon,20,5,May,2,Q2,2025,FALSE
20250513,2025-05-13,13,Tue,20,5,May,2,Q2,2025,FALSE
20250514,2025-05-14,14,Wed,20,5,May,2,Q2,2025,FALSE
20250515,2025-05-15,15,Thu,20,5,May,2,Q2,2025,FALSE
20250516,2025-05-16,16,Fri,20,5,May,2,Q2,2025,FALSE
20250517,2025-05-17,17,Sat,20,5,May,2,Q2,2025,TRUE
20250518,2025-05-18,18,Sun,20,5,May,2,Q2,2025,TRUE
20250519,2025-05-19,19,Mon,21,5,May,2,Q2,2025,FALSE
20250520,2025-05-20,20,Tue,21,5,May,2,Q2,2025,FALSE
20250521,2025-05-21,21,Wed,21,5,May,2,Q2,2025,FALSE
20250522,2025-05-22,22,Thu,21,5,May,2,Q2,2025,FALSE
20250523,2025-05-23,23,Fri,21,5,May,2,Q2,2025,FALSE
20250524,2025-05-24,24,Sat,21,5,May,2,Q2,2025,TRUE
20250525,2025-05-25,25,Sun,21,5,May,2,Q2,2025,TRUE
20250526,2025-05-26,26,Mon,22,5,May,2,Q2,2025,FALSE
20250527,2025-05-27,27,Tue,22,5,May,2,Q2,2025,FALSE
20250528,2025-05-28,28,Wed,22,5,May,2,Q2,2025,FALSE
20250529,2025-05-29,29,Thu,22,5,May,2,Q2,2025,FALSE
20250530,2025-05-30,30,Fri,22,5,May,2,Q2,2025,FALSE
20250531,2025-05-31,31,Sat,22,5,May,2,Q2,2025,TRUE
20250601,2025-06-01,1,Sun,22,6,Jun,2,Q2,2025,TRUE
20250602,2025-06-02,2,Mon,23,6,Jun,2,Q2,2025,FALSE
20250603,2025-06-03,3,Tue,23,6,Jun,2,Q2,2025,FALSE
20250604,2025-06-04,4,Wed,23,6,Jun,2,Q2,2025,FALSE
20250605,2025-06-05,5,Thu,23,6,Jun,2,Q2,2025,FALSE
20250606,2025-06-06,6,Fri,23,6,Jun,2,Q2,2025,FALSE
20250607,2025-06-07,7,Sat,23,6,Jun,2,Q2,2025,TRUE
20250608,2025-06-08,8,Sun,23,6,Jun,2,Q2,2025,TRUE
20250609,2025-06-09,9,Mon,24,6,Jun,2,Q2,2025,FALSE
20250610,2025-06-10,10,Tue,24,6,Jun,2,Q2,2025,FALSE
20250611,2025-06-11,11,Wed,24,6,Jun,2,Q2,2025,FALSE
20250612,2025-06-12,12,Thu,24,6,Jun,2,Q2,2025,FALSE
20250613,2025-06-13,13,Fri,24,6,Jun,2,Q2,2025,FALSE
20250614,2025-06-14,14,Sat,24,6,Jun,2,Q2,2025,TRUE
20250615,2025-06-15,15,Sun,24,6,Jun,2,Q2,2025,TRUE
20250616,2025-06-16,16,Mon,25,6,Jun,2,Q2,2025,FALSE
20250617,2025-06-17,17,Tue,25,6,Jun,2,Q2,2025,FALSE
20250618,2025-06-18,18,Wed,25,6,Jun,2,Q2,2025,FALSE
20250619,2025-06-19,19,Thu,25,6,Jun,2,Q2,2025,FALSE
20250620,2025-06-20,20,Fri,25,6,Jun,2,Q2,2025,FALSE
20250621,2025-06-21,21,Sat,25,6,Jun,2,Q2,2025,TRUE
20250622,2025-06-22,22,Sun,25,6,Jun,2,Q2,2025,TRUE
20250623,2025-06-23,23,Mon,26,6,Jun,2,Q2,2025,FALSE
20250624,2025-06-24,24,Tue,26,6,Jun,2,Q2,2025,FALSE
20250625,2025-06-25,25,Wed,26,6,Jun,2,Q2,2025,FALSE
20250626,2025-06-26,26,Thu,26,6,Jun,2,Q2,2025,FALSE
20250627,2025-06-27,27,Fri,26,6,Jun,2,Q2,2025,FALSE
20250628,2025-06-28,28,Sat,26,6,Jun,2,Q2,2025,TRUE
20250629,2025-06-29,29,Sun,26,6,Jun,2,Q2,2025,TRUE
20250630,2025-06-30,30,Mon,27,6,Jun,2,Q2,2025,FALSE
20250701,2025-07-01,1,Tue,27,7,Jul,3,Q3,2025,FALSE
20250702,2025-07-02,2,Wed,27,7,Jul,3,Q3,2025,FALSE
20250703,2025-07-03,3,Thu,27,7,Jul,3,Q3,2025,FALSE
20250704,2025-07-04,4,Fri,27,7,Jul,3,Q3,2025,FALSE
20250705,2025-07-05,5,Sat,27,7,Jul,3,Q3,2025,TRUE
20250706,2025-07-06,6,Sun,27,7,Jul,3,Q3,2025,TRUE
20250707,2025-07-07,7,Mon,28,7,Jul,3,Q3,2025,FALSE
20250708,2025-07-08,8,Tue,28,7,Jul,3,Q3,2025,FALSE
20250709,2025-07-09,9,Wed,28,7,Jul,3,Q3,2025,FALSE
20250710,2025-07-10,10,Thu,28,7,Jul,3,Q3,2025,FALSE
20250711,2025-07-11,11,Fri,28,7,Jul,3,Q3,2025,FALSE
20250712,2025-07-12,12,Sat,28,7,Jul,3,Q3,2025,TRUE
20250713,2025-07-13,13,Sun,28,7,Jul,3,Q3,2025,TRUE
20250714,2025-07-14,14,Mon,29,7,Jul,3,Q3,2025,FALSE
20250715,2025-07-15,15,Tue,29,7,Jul,3,Q3,2025,FALSE
20250716,2025-07-16,16,Wed,29,7,Jul,3,Q3,2025,FALSE
20250717,2025-07-17,17,Thu,29,7,Jul,3,Q3,2025,FALSE
20250718,2025-07-18,18,Fri,29,7,Jul,3,Q3,2025,FALSE
20250719,2025-07-19,19,Sat,29,7,Jul,3,Q3,2025,TRUE
20250720,2025-07-20,20,Sun,29,7,Jul,3,Q3,2025,TRUE
20250721,2025-07-21,21,Mon,30,7,Jul,3,Q3,2025,FALSE
20250722,2025-07-22,22,Tue,30,7,Jul,3,Q3,2025,FALSE
20250723,2025-07-23,23,Wed,30,7,Jul,3,Q3,2025,FALSE
20250724,2025-07-24,24,Thu,30,7,Jul,3,Q3,2025,FALSE
20250725,2025-07-25,25,Fri,30,7,Jul,3,Q3,2025,FALSE
20250726,2025-07-26,26,Sat,30,7,Jul,3,Q3,2025,TRUE
20250727,2025-07-27,27,Sun,30,7,Jul,3,Q3,2025,TRUE
20250728,2025-07-28,28,Mon,31,7,Jul,3,Q3,2025,FALSE
20250729,2025-07-29,29,Tue,31,7,Jul,3,Q3,2025,FALSE
20250730,2025-07-30,30,Wed,31,7,Jul,3,Q3,2025,FALSE
20250731,2025-07-31,31,Thu,31,7,Jul,3,Q3,2025,FALSE
20250801,2025-08-01,1,Fri,31,8,Aug,3,Q3,2025,FALSE
20250802,2025-08-02,2,Sat,31,8,Aug,3,Q3,2025,TRUE
20250803,2025-08-03,3,Sun,31,8,Aug,3,Q3,2025,TRUE
20250804,2025-08-04,4,Mon,32,8,Aug,3,Q3,2025,FALSE
20250805,2025-08-05,5,Tue,32,8,Aug,3,Q3,2025,FALSE
20250806,2025-08-06,6,Wed,32,8,Aug,3,Q3,2025,FALSE
20250807,2025-08-07,7,Thu,32,8,Aug,3,Q3,2025,FALSE
20250808,2025-08-08,8,Fri,32,8,Aug,3,Q3,2025,FALSE
20250809,2025-08-09,9,Sat,32,8,Aug,3,Q3,2025,TRUE
20250810,2025-08-10,10,Sun,32,8,Aug,3,Q3,2025,TRUE
20250811,2025-08-11,11,Mon,33,8,Aug,3,Q3,2025,FALSE
20250812,2025-08-12,12,Tue,33,8,Aug,3,Q3,2025,FALSE
20250813,2025-08-13,13,Wed,33,8,Aug,3,Q3,2025,FALSE
20250814,2025-08-14,14,Thu,33,8,Aug,3,Q3,2025,FALSE
20250815,2025-08-15,15,Fri,33,8,Aug,3,Q3,2025,FALSE
20250816,2025-08-16,16,Sat,33,8,Aug,3,Q3,2025,TRUE
20250817,2025-08-17,17,Sun,33,8,Aug,3,Q3,2025,TRUE
20250818,2025-08-18,18,Mon,34,8,Aug,3,Q3,2025,FALSE
20250819,2025-08-19,19,Tue,34,8,Aug,3,Q3,2025,FALSE
20250820,2025-08-20,20,Wed,34,8,Aug,3,Q3,2025,FALSE
20250821,2025-08-21,21,Thu,34,8,Aug,3,Q3,2025,FALSE
20250822,2025-08-22,22,Fri,34,8,Aug,3,Q3,2025,FALSE
20250823,2025-08-23,23,Sat,34,8,Aug,3,Q3,2025,TRUE
20250824,2025-08-24,24,Sun,34,8,Aug,3,Q3,2025,TRUE
20250825,2025-08-25,25,Mon,35,8,Aug,3,Q3,2025,FALSE
20250826,2025-08-26,26,Tue,35,8,Aug,3,Q3,2025,FALSE
20250827,2025-08-27,27,Wed,35,8,Aug,3,Q3,2025,FALSE
20250828,2025-08-28,28,Thu,35,8,Aug,3,Q3,2025,FALSE
20250829,2025-08-29,29,Fri,35,8,Aug,3,Q3,2025,FALSE
20250830,2025-08-30,30,Sat,35,8,Aug,3,Q3,2025,TRUE
20250831,2025-08-31,31,Sun,35,8,Aug,3,Q3,2025,TRUE
20250901,2025-09-01,1,Mon,36,9,Sep,3,Q3,2025,FALSE
20250902,2025-09-02,2,Tue,36,9,Sep,3,Q3,2025,FALSE
20250903,2025-09-03,3,Wed,36,9,Sep,3,Q3,2025,FALSE
20250904,2025-09-04,4,Thu,36,9,Sep,3,Q3,2025,FALSE
20250905,2025-09-05,5,Fri,36,9,Sep,3,Q3,2025,FALSE
20250906,2025-09-06,6,Sat,36,9,Sep,3,Q3,2025,TRUE
20250907,2025-09-07,7,Sun,36,9,Sep,3,Q3,2025,TRUE
20250908,2025-09-08,8,Mon,37,9,Sep,3,Q3,2025,FALSE
20250909,2025-09-09,9,Tue,37,9,Sep,3,Q3,2025,FALSE
20250910,2025-09-10,10,Wed,37,9,Sep,3,Q3,2025,FALSE
20250911,2025-09-11,11,Thu,37,9,Sep,3,Q3,2025,FALSE
20250912,2025-09-12,12,Fri,37,9,Sep,3,Q3,2025,FALSE
20250913,2025-09-13,13,Sat,37,9,Sep,3,Q3,2025,TRUE
20250914,2025-09-14,14,Sun,37,9,Sep,3,Q3,2025,TRUE
20250915,2025-09-15,15,Mon,38,9,Sep,3,Q3,2025,FALSE
20250916,2025-09-16,16,Tue,38,9,Sep,3,Q3,2025,FALSE
20250917,2025-09-17,17,Wed,38,9,Sep,3,Q3,2025,FALSE
20250918,2025-09-18,18,Thu,38,9,Sep,3,Q3,2025,FALSE
20250919,2025-09-19,19,Fri,38,9,Sep,3,Q3,2025,FALSE
20250920,2025-09-20,20,Sat,38,9,Sep,3,Q3,2025,TRUE
20250921,2025-09-21,21,Sun,38,9,Sep,3,Q3,2025,TRUE
20250922,2025-09-22,22,Mon,39,9,Sep,3,Q3,2025,FALSE
20250923,2025-09-23,23,Tue,39,9,Sep,3,Q3,2025,FALSE
20250924,2025-09-24,24,Wed,39,9,Sep,3,Q3,2025,FALSE
20250925,2025-09-25,25,Thu,39,9,Sep,3,Q3,2025,FALSE
20250926,2025-09-26,26,Fri,39,9,Sep,3,Q3,2025,FALSE
20250927,2025-09-27,27,Sat,39,9,Sep,3,Q3,2025,TRUE
20250928,2025-09-28,28,Sun,39,9,Sep,3,Q3,2025,TRUE
20250929,2025-09-29,29,Mon,40,9,Sep,3,Q3,2025,FALSE
20250930,2025-09-30,30,Tue,40,9,Sep,3,Q3,2025,FALSE
20251001,2025-10-01,1,Wed,40,10,Oct,4,Q4,2025,FALSE
20251002,2025-10-02,2,Thu,40,10,Oct,4,Q4,2025,FALSE
20251003,2025-10-03,3,Fri,40,10,Oct,4,Q4,2025,FALSE
20251004,2025-10-04,4,Sat,40,10,Oct,4,Q4,2025,TRUE
20251005,2025-10-05,5,Sun,40,10,Oct,4,Q4,2025,TRUE
20251006,2025-10-06,6,Mon,41,10,Oct,4,Q4,2025,FALSE
20251007,2025-10-07,7,Tue,41,10,Oct,4,Q4,2025,FALSE
20251008,2025-10-08,8,Wed,41,10,Oct,4,Q4,2025,FALSE
20251009,2025-10-09,9,Thu,41,10,Oct,4,Q4,2025,FALSE
20251010,2025-10-10,10,Fri,41,10,Oct,4,Q4,2025,FALSE
20251011,2025-10-11,11,Sat,41,10,Oct,4,Q4,2025,TRUE
20251012,2025-10-12,12,Sun,41,10,Oct,4,Q4,2025,TRUE
20251013,2025-10-13,13,Mon,42,10,Oct,4,Q4,2025,FALSE
20251014,2025-10-14,14,Tue,42,10,Oct,4,Q4,2025,FALSE
20251015,2025-10-15,15,Wed,42,10,Oct,4,Q4,2025,FALSE
20251016,2025-10-16,16,Thu,42,10,Oct,4,Q4,2025,FALSE
20251017,2025-10-17,17,Fri,42,10,Oct,4,Q4,2025,FALSE
20251018,2025-10-18,18,Sat,42,10,Oct,4,Q4,2025,TRUE
20251019,2025-10-19,19,Sun,42,10,Oct,4,Q4,2025,TRUE
20251020,2025-10-20,20,Mon,43,10,Oct,4,Q4,2025,FALSE
20251021,2025-10-21,21,Tue,43,10,Oct,4,Q4,2025,FALSE
20251022,2025-10-22,22,Wed,43,10,Oct,4,Q4,2025,FALSE
20251023,2025-10-23,23,Thu,43,10,Oct,4,Q4,2025,FALSE
20251024,2025-10-24,24,Fri,43,10,Oct,4,Q4,2025,FALSE
20251025,2025-10-25,25,Sat,43,10,Oct,4,Q4,2025,TRUE
20251026,2025-10-26,26,Sun,43,10,Oct,4,Q4,2025,TRUE
20251027,2025-10-27,27,Mon,44,10,Oct,4,Q4,2025,FALSE
20251028,2025-10-28,28,Tue,44,10,Oct,4,Q4,2025,FALSE
20251029,2025-10-29,29,Wed,44,10,Oct,4,Q4,2025,FALSE
20251030,2025-10-30,30,Thu,44,10,Oct,4,Q4,2025,FALSE
20251031,2025-10-31,31,Fri,44,10,Oct,4,Q4,2025,FALSE
20251101,2025-11-01,1,Sat,44,11,Nov,4,Q4,2025,TRUE
20251102,2025-11-02,2,Sun,44,11,Nov,4,Q4,2025,TRUE
20251103,2025-11-03,3,Mon,45,11,Nov,4,Q4,2025,FALSE
20251104,2025-11-04,4,Tue,45,11,Nov,4,Q4,2025,FALSE
20251105,2025-11-05,5,Wed,45,11,Nov,4,Q4,2025,FALSE
20251106,2025-11-06,6,Thu,45,11,Nov,4,Q4,2025,FALSE
20251107,2025-11-07,7,Fri,45,11,Nov,4,Q4,2025,FALSE
20251108,2025-11-08,8,Sat,45,11,Nov,4,Q4,2025,TRUE
20251109,2025-11-09,9,Sun,45,11,Nov,4,Q4,2025,TRUE
20251110,2025-11-10,10,Mon,46,11,Nov,4,Q4,2025,FALSE
20251111,2025-11-11,11,Tue,46,11,Nov,4,Q4,2025,FALSE
20251112,2025-11-12,12,Wed,46,11,Nov,4,Q4,2025,FALSE
20251113,2025-11-13,13,Thu,46,11,Nov,4,Q4,2025,FALSE
20251114,2025-11-14,14,Fri,46,11,Nov,4,Q4,2025,FALSE
20251115,2025-11-15,15,Sat,46,11,Nov,4,Q4,2025,TRUE
20251116,2025-11-16,16,Sun,46,11,Nov,4,Q4,2025,TRUE
20251117,2025-11-17,17,Mon,47,11,Nov,4,Q4,2025,FALSE
20251118,2025-11-18,18,Tue,47,11,Nov,4,Q4,2025,FALSE
20251119,2025-11-19,19,Wed,47,11,Nov,4,Q4,2025,FALSE
20251120,2025-11-20,20,Thu,47,11,Nov,4,Q4,2025,FALSE
20251121,2025-11-21,21,Fri,47,11,Nov,4,Q4,2025,FALSE
20251122,2025-11-22,22,Sat,47,11,Nov,4,Q4,2025,TRUE
20251123,2025-11-23,23,Sun,47,11,Nov,4,Q4,2025,TRUE
20251124,2025-11-24,24,Mon,48,11,Nov,4,Q4,2025,FALSE
20251125,2025-11-25,25,Tue,48,11,Nov,4,Q4,2025,FALSE
20251126,2025-11-26,26,Wed,48,11,Nov,4,Q4,2025,FALSE
20251127,2025-11-27,27,Thu,48,11,Nov,4,Q4,2025,FALSE
20251128,2025-11-28,28,Fri,48,11,Nov,4,Q4,2025,FALSE
20251129,2025-11-29,29,Sat,48,11,Nov,4,Q4,2025,TRUE
20251130,2025-11-30,30,Sun,48,11,Nov,4,Q4,2025,TRUE
20251201,2025-12-01,1,Mon,49,12,Dec,4,Q4,2025,FALSE
20251202,2025-12-02,2,Tue,49,12,Dec,4,Q4,2025,FALSE
20251203,2025-12-03,3,Wed,49,12,Dec,4,Q4,2025,FALSE
20251204,2025-12-04,4,Thu,49,12,Dec,4,Q4,2025,FALSE
20251205,2025-12-05,5,Fri,49,12,Dec,4,Q4,2025,FALSE
20251206,2025-12-06,6,Sat,49,12,Dec,4,Q4,2025,TRUE
20251207,2025-12-07,7,Sun,49,12,Dec,4,Q4,2025,TRUE
20251208,2025-12-08,8,Mon,50,12,Dec,4,Q4,2025,FALSE
20251209,2025-12-09,9,Tue,50,12,Dec,4,Q4,2025,FALSE
20251210,2025-12-10,10,Wed,50,12,Dec,4,Q4,2025,FALSE
20251211,2025-12-11,11,Thu,50,12,Dec,4,Q4,2025,FALSE
20251212,2025-12-12,12,Fri,50,12,Dec,4,Q4,2025,FALSE
20251213,2025-12-13,13,Sat,50,12,Dec,4,Q4,2025,TRUE
20251214,2025-12-14,14,Sun,50,12,Dec,4,Q4,2025,TRUE
20251215,2025-12-15,15,Mon,51,12,Dec,4,Q4,2025,FALSE
20251216,2025-12-16,16,Tue,51,12,Dec,4,Q4,2025,FALSE
20251217,2025-12-17,17,Wed,51,12,Dec,4,Q4,2025,FALSE
20251218,2025-12-18,18,Thu,51,12,Dec,4,Q4,2025,FALSE
20251219,2025-12-19,19,Fri,51,12,Dec,4,Q4,2025,FALSE
20251220,2025-12-20,20,Sat,51,12,Dec,4,Q4,2025,TRUE
20251221,2025-12-21,21,Sun,51,12,Dec,4,Q4,2025,TRUE
20251222,2025-12-22,22,Mon,52,12,Dec,4,Q4,2025,FALSE
20251223,2025-12-23,23,Tue,52,12,Dec,4,Q4,2025,FALSE
20251224,2025-12-24,24,Wed,52,12,Dec,4,Q4,2025,FALSE
20251225,2025-12-25,25,Thu,52,12,Dec,4,Q4,2025,FALSE
20251226,2025-12-26,26,Fri,52,12,Dec,4,Q4,2025,FALSE
20251227,2025-12-27,27,Sat,52,12,Dec,4,Q4,2025,TRUE
20251228,2025-12-28,28,Sun,52,12,Dec,4,Q4,2025,TRUE
20251229,2025-12-29,29,Mon,1,12,Dec,4,Q4,2025,FALSE
20251230,2025-12-30,30,Tue,1,12,Dec,4,Q4,2025,FALSE
20251231,2025-12-31,31,Wed,1,12,Dec,4,Q4,2025,FALSE
20260101,2026-01-01,1,Thu,1,1,Jan,1,Q1,2026,FALSE
20260102,2026-01-02,2,Fri,1,1,Jan,1,Q1,2026,FALSE
20260103,2026-01-03,3,Sat,1,1,Jan,1,Q1,2026,TRUE
20260104,2026-01-04,4,Sun,1,1,Jan,1,Q1,2026,TRUE
20260105,2026-01-05,5,Mon,2,1,Jan,1,Q1,2026,FALSE
20260106,2026-01-06,6,Tue,2,1,Jan,1,Q1,2026,FALSE
20260107,2026-01-07,7,Wed,2,1,Jan,1,Q1,2026,FALSE
20260108,2026-01-08,8,Thu,2,1,Jan,1,Q1,2026,FALSE
20260109,2026-01-09,9,Fri,2,1,Jan,1,Q1,2026,FALSE
20260110,2026-01-10,10,Sat,2,1,Jan,1,Q1,2026,TRUE
20260111,2026-01-11,11,Sun,2,1,Jan,1,Q1,2026,TRUE
20260112,2026-01-12,12,Mon,3,1,Jan,1,Q1,2026,FALSE
20260113,2026-01-13,13,Tue,3,1,Jan,1,Q1,2026,FALSE
20260114,2026-01-14,14,Wed,3,1,Jan,1,Q1,2026,FALSE
20260115,2026-01-15,15,Thu,3,1,Jan,1,Q1,2026,FALSE
20260116,2026-01-16,16,Fri,3,1,Jan,1,Q1,2026,FALSE
20260117,2026-01-17,17,Sat,3,1,Jan,1,Q1,2026,TRUE
20260118,2026-01-18,18,Sun,3,1,Jan,1,Q1,2026,TRUE
20260119,2026-01-19,19,Mon,4,1,Jan,1,Q1,2026,FALSE
20260120,2026-01-20,20,Tue,4,1,Jan,1,Q1,2026,FALSE
20260121,2026-01-21,21,Wed,4,1,Jan,1,Q1,2026,FALSE
20260122,2026-01-22,22,Thu,4,1,Jan,1,Q1,2026,FALSE
20260123,2026-01-23,23,Fri,4,1,Jan,1,Q1,2026,FALSE
20260124,2026-01-24,24,Sat,4,1,Jan,1,Q1,2026,TRUE
20260125,2026-01-25,25,Sun,4,1,Jan,1,Q1,2026,TRUE
20260126,2026-01-26,26,Mon,5,1,Jan,1,Q1,2026,FALSE
20260127,2026-01-27,27,Tue,5,1,Jan,1,Q1,2026,FALSE
20260128,2026-01-28,28,Wed,5,1,Jan,1,Q1,2026,FALSE
20260129,2026-01-29,29,Thu,5,1,Jan,1,Q1,2026,FALSE
20260130,2026-01-30,30,Fri,5,1,Jan,1,Q1,2026,FALSE
20260131,2026-01-31,31,Sat,5,1,Jan,1,Q1,2026,TRUE
20260201,2026-02-01,1,Sun,5,2,Feb,1,Q1,2026,TRUE
20260202,2026-02-02,2,Mon,6,2,Feb,1,Q1,2026,FALSE
20260203,2026-02-03,3,Tue,6,2,Feb,1,Q1,2026,FALSE
20260204,2026-02-04,4,Wed,6,2,Feb,1,Q1,2026,FALSE
20260205,2026-02-05,5,Thu,6,2,Feb,1,Q1,2026,FALSE
20260206,2026-02-06,6,Fri,6,2,Feb,1,Q1,2026,FALSE
20260207,2026-02-07,7,Sat,6,2,Feb,1,Q1,2026,TRUE
20260208,2026-02-08,8,Sun,6,2,Feb,1,Q1,2026,TRUE
20260209,2026-02-09,9,Mon,7,2,Feb,1,Q1,2026,FALSE
20260210,2026-02-10,10,Tue,7,2,Feb,1,Q1,2026,FALSE
20260211,2026-02-11,11,Wed,7,2,Feb,1,Q1,2026,FALSE
20260212,2026-02-12,12,Thu,7,2,Feb,1,Q1,2026,FALSE
20260213,2026-02-13,13,Fri,7,2,Feb,1,Q1,2026,FALSE
20260214,2026-02-14,14,Sat,7,2,Feb,1,Q1,2026,TRUE
20260215,2026-02-15,15,Sun,7,2,Feb,1,Q1,2026,TRUE
20260216,2026-02-16,16,Mon,8,2,Feb,1,Q1,2026,FALSE
20260217,2026-02-17,17,Tue,8,2,Feb,1,Q1,2026,FALSE
20260218,2026-02-18,18,Wed,8,2,Feb,1,Q1,2026,FALSE
20260219,2026-02-19,19,Thu,8,2,Feb,1,Q1,2026,FALSE
20260220,2026-02-20,20,Fri,8,2,Feb,1,Q1,2026,FALSE
20260221,2026-02-21,21,Sat,8,2,Feb,1,Q1,2026,TRUE
20260222,2026-02-22,22,Sun,8,2,Feb,1,Q1,2026,TRUE
20260223,2026-02-23,23,Mon,9,2,Feb,1,Q1,2026,FALSE
20260224,2026-02-24,24,Tue,9,2,Feb,1,Q1,2026,FALSE
20260225,2026-02-25,25,Wed,9,2,Feb,1,Q1,2026,FALSE
20260226,2026-02-26,26,Thu,9,2,Feb,1,Q1,2026,FALSE
20260227,2026-02-27,27,Fri,9,2,Feb,1,Q1,2026,FALSE
20260228,2026-02-28,28,Sat,9,2,Feb,1,Q1,2026,TRUE
20260301,2026-03-01,1,Sun,9,3,Mar,1,Q1,2026,TRUE
20260302,2026-03-02,2,Mon,10,3,Mar,1,Q1,2026,FALSE
20260303,2026-03-03,3,Tue,10,3,Mar,1,Q1,2026,FALSE
20260304,2026-03-04,4,Wed,10,3,Mar,1,Q1,2026,FALSE
20260305,2026-03-05,5,Thu,10,3,Mar,1,Q1,2026,FALSE
20260306,2026-03-06,6,Fri,10,3,Mar,1,Q1,2026,FALSE
20260307,2026-03-07,7,Sat,10,3,Mar,1,Q1,2026,TRUE
20260308,2026-03-08,8,Sun,10,3,Mar,1,Q1,2026,TRUE
20260309,2026-03-09,9,Mon,11,3,Mar,1,Q1,2026,FALSE
20260310,2026-03-10,10,Tue,11,3,Mar,1,Q1,2026,FALSE
20260311,2026-03-11,11,Wed,11,3,Mar,1,Q1,2026,FALSE
20260312,2026-03-12,12,Thu,11,3,Mar,1,Q1,2026,FALSE
20260313,2026-03-13,13,Fri,11,3,Mar,1,Q1,2026,FALSE
20260314,2026-03-14,14,Sat,11,3,Mar,1,Q1,2026,TRUE
20260315,2026-03-15,15,Sun,11,3,Mar,1,Q1,2026,TRUE
20260316,2026-03-16,16,Mon,12,3,Mar,1,Q1,2026,FALSE
20260317,2026-03-17,17,Tue,12,3,Mar,1,Q1,2026,FALSE
20260318,2026-03-18,18,Wed,12,3,Mar,1,Q1,2026,FALSE
20260319,2026-03-19,19,Thu,12,3,Mar,1,Q1,2026,FALSE
20260320,2026-03-20,20,Fri,12,3,Mar,1,Q1,2026,FALSE
20260321,2026-03-21,21,Sat,12,3,Mar,1,Q1,2026,TRUE
20260322,2026-03-22,22,Sun,12,3,Mar,1,Q1,2026,TRUE
20260323,2026-03-23,23,Mon,13,3,Mar,1,Q1,2026,FALSE
20260324,2026-03-24,24,Tue,13,3,Mar,1,Q1,2026,FALSE
20260325,2026-03-25,25,Wed,13,3,Mar,1,Q1,2026,FALSE
20260326,2026-03-26,26,Thu,13,3,Mar,1,Q1,2026,FALSE
20260327,2026-03-27,27,Fri,13,3,Mar,1,Q1,2026,FALSE
20260328,2026-03-28,28,Sat,13,3,Mar,1,Q1,2026,TRUE
20260329,2026-03-29,29,Sun,13,3,Mar,1,Q1,2026,TRUE
20260330,2026-03-30,30,Mon,14,3,Mar,1,Q1,2026,FALSE
20260331,2026-03-31,31,Tue,14,3,Mar,1,Q1,2026,FALSE
20260401,2026-04-01,1,Wed,14,4,Apr,2,Q2,2026,FALSE
20260402,2026-04-02,2,Thu,14,4,Apr,2,Q2,2026,FALSE
20260403,2026-04-03,3,Fri,14,4,Apr,2,Q2,2026,FALSE
20260404,2026-04-04,4,Sat,14,4,Apr,2,Q2,2026,TRUE
20260405,2026-04-05,5,Sun,14,4,Apr,2,Q2,2026,TRUE
20260406,2026-04-06,6,Mon,15,4,Apr,2,Q2,2026,FALSE
20260407,2026-04-07,7,Tue,15,4,Apr,2,Q2,2026,FALSE
20260408,2026-04-08,8,Wed,15,4,Apr,2,Q2,2026,FALSE
20260409,2026-04-09,9,Thu,15,4,Apr,2,Q2,2026,FALSE
20260410,2026-04-10,10,Fri,15,4,Apr,2,Q2,2026,FALSE
20260411,2026-04-11,11,Sat,15,4,Apr,2,Q2,2026,TRUE
20260412,2026-04-12,12,Sun,15,4,Apr,2,Q2,2026,TRUE
20260413,2026-04-13,13,Mon,16,4,Apr,2,Q2,2026,FALSE
20260414,2026-04-14,14,Tue,16,4,Apr,2,Q2,2026,FALSE
20260415,2026-04-15,15,Wed,16,4,Apr,2,Q2,2026,FALSE
20260416,2026-04-16,16,Thu,16,4,Apr,2,Q2,2026,FALSE
20260417,2026-04-17,17,Fri,16,4,Apr,2,Q2,2026,FALSE
20260418,2026-04-18,18,Sat,16,4,Apr,2,Q2,2026,TRUE
20260419,2026-04-19,19,Sun,16,4,Apr,2,Q2,2026,TRUE
20260420,2026-04-20,20,Mon,17,4,Apr,2,Q2,2026,FALSE
20260421,2026-04-21,21,Tue,17,4,Apr,2,Q2,2026,FALSE
20260422,2026-04-22,22,Wed,17,4,Apr,2,Q2,2026,FALSE
20260423,2026-04-23,23,Thu,17,4,Apr,2,Q2,2026,FALSE
20260424,2026-04-24,24,Fri,17,4,Apr,2,Q2,2026,FALSE
20260425,2026-04-25,25,Sat,17,4,Apr,2,Q2,2026,TRUE
20260426,2026-04-26,26,Sun,17,4,Apr,2,Q2,2026,TRUE
20260427,2026-04-27,27,Mon,18,4,Apr,2,Q2,2026,FALSE
20260428,2026-04-28,28,Tue,18,4,Apr,2,Q2,2026,FALSE
20260429,2026-04-29,29,Wed,18,4,Apr,2,Q2,2026,FALSE
20260430,2026-04-30,30,Thu,18,4,Apr,2,Q2,2026,FALSE
20260501,2026-05-01,1,Fri,18,5,May,2,Q2,2026,FALSE
20260502,2026-05-02,2,Sat,18,5,May,2,Q2,2026,TRUE
20260503,2026-05-03,3,Sun,18,5,May,2,Q2,2026,TRUE
20260504,2026-05-04,4,Mon,19,5,May,2,Q2,2026,FALSE
20260505,2026-05-05,5,Tue,19,5,May,2,Q2,2026,FALSE
20260506,2026-05-06,6,Wed,19,5,May,2,Q2,2026,FALSE
20260507,2026-05-07,7,Thu,19,5,May,2,Q2,2026,FALSE
20260508,2026-05-08,8,Fri,19,5,May,2,Q2,2026,FALSE
20260509,2026-05-09,9,Sat,19,5,May,2,Q2,2026,TRUE
20260510,2026-05-10,10,Sun,19,5,May,2,Q2,2026,TRUE
20260511,2026-05-11,11,Mon,20,5,May,2,Q2,2026,FALSE
20260512,2026-05-12,12,Tue,20,5,May,2,Q2,2026,FALSE
20260513,2026-05-13,13,Wed,20,5,May,2,Q2,2026,FALSE
20260514,2026-05-14,14,Thu,20,5,May,2,Q2,2026,FALSE
20260515,2026-05-15,15,Fri,20,5,May,2,Q2,2026,FALSE
20260516,2026-05-16,16,Sat,20,5,May,2,Q2,2026,TRUE
20260517,2026-05-17,17,Sun,20,5,May,2,Q2,2026,TRUE
20260518,2026-05-18,18,Mon,21,5,May,2,Q2,2026,FALSE
20260519,2026-05-19,19,Tue,21,5,May,2,Q2,2026,FALSE
20260520,2026-05-20,20,Wed,21,5,May,2,Q2,2026,FALSE
20260521,2026-05-21,21,Thu,21,5,May,2,Q2,2026,FALSE
20260522,2026-05-22,22,Fri,21,5,May,2,Q2,2026,FALSE
20260523,2026-05-23,23,Sat,21,5,May,2,Q2,2026,TRUE
20260524,2026-05-24,24,Sun,21,5,May,2,Q2,2026,TRUE
20260525,2026-05-25,25,Mon,22,5,May,2,Q2,2026,FALSE
20260526,2026-05-26,26,Tue,22,5,May,2,Q2,2026,FALSE
20260527,2026-05-27,27,Wed,22,5,May,2,Q2,2026,FALSE
20260528,2026-05-28,28,Thu,22,5,May,2,Q2,2026,FALSE
20260529,2026-05-29,29,Fri,22,5,May,2,Q2,2026,FALSE
20260530,2026-05-30,30,Sat,22,5,May,2,Q2,2026,TRUE
20260531,2026-05-31,31,Sun,22,5,May,2,Q2,2026,TRUE
20260601,2026-06-01,1,Mon,23,6,Jun,2,Q2,2026,FALSE
20260602,2026-06-02,2,Tue,23,6,Jun,2,Q2,2026,FALSE
20260603,2026-06-03,3,Wed,23,6,Jun,2,Q2,2026,FALSE
20260604,2026-06-04,4,Thu,23,6,Jun,2,Q2,2026,FALSE
20260605,2026-06-05,5,Fri,23,6,Jun,2,Q2,2026,FALSE
20260606,2026-06-06,6,Sat,23,6,Jun,2,Q2,2026,TRUE
20260607,2026-06-07,7,Sun,23,6,Jun,2,Q2,2026,TRUE
20260608,2026-06-08,8,Mon,24,6,Jun,2,Q2,2026,FALSE
20260609,2026-06-09,9,Tue,24,6,Jun,2,Q2,2026,FALSE
20260610,2026-06-10,10,Wed,24,6,Jun,2,Q2,2026,FALSE
20260611,2026-06-11,11,Thu,24,6,Jun,2,Q2,2026,FALSE
20260612,2026-06-12,12,Fri,24,6,Jun,2,Q2,2026,FALSE
20260613,2026-06-13,13,Sat,24,6,Jun,2,Q2,2026,TRUE
20260614,2026-06-14,14,Sun,24,6,Jun,2,Q2,2026,TRUE
20260615,2026-06-15,15,Mon,25,6,Jun,2,Q2,2026,FALSE
20260616,2026-06-16,16,Tue,25,6,Jun,2,Q2,2026,FALSE
20260617,2026-06-17,17,Wed,25,6,Jun,2,Q2,2026,FALSE
20260618,2026-06-18,18,Thu,25,6,Jun,2,Q2,2026,FALSE
20260619,2026-06-19,19,Fri,25,6,Jun,2,Q2,2026,FALSE
20260620,2026-06-20,20,Sat,25,6,Jun,2,Q2,2026,TRUE
20260621,2026-06-21,21,Sun,25,6,Jun,2,Q2,2026,TRUE
20260622,2026-06-22,22,Mon,26,6,Jun,2,Q2,2026,FALSE
20260623,2026-06-23,23,Tue,26,6,Jun,2,Q2,2026,FALSE
20260624,2026-06-24,24,Wed,26,6,Jun,2,Q2,2026,FALSE
20260625,2026-06-25,25,Thu,26,6,Jun,2,Q2,2026,FALSE
20260626,2026-06-26,26,Fri,26,6,Jun,2,Q2,2026,FALSE
20260627,2026-06-27,27,Sat,26,6,Jun,2,Q2,2026,TRUE
20260628,2026-06-28,28,Sun,26,6,Jun,2,Q2,2026,TRUE
20260629,2026-06-29,29,Mon,27,6,Jun,2,Q2,2026,FALSE
20260630,2026-06-30,30,Tue,27,6,Jun,2,Q2,2026,FALSE
20260701,2026-07-01,1,Wed,27,7,Jul,3,Q3,2026,FALSE
20260702,2026-07-02,2,Thu,27,7,Jul,3,Q3,2026,FALSE
20260703,2026-07-03,3,Fri,27,7,Jul,3,Q3,2026,FALSE
20260704,2026-07-04,4,Sat,27,7,Jul,3,Q3,2026,TRUE
20260705,2026-07-05,5,Sun,27,7,Jul,3,Q3,2026,TRUE
20260706,2026-07-06,6,Mon,28,7,Jul,3,Q3,2026,FALSE
20260707,2026-07-07,7,Tue,28,7,Jul,3,Q3,2026,FALSE
20260708,2026-07-08,8,Wed,28,7,Jul,3,Q3,2026,FALSE
20260709,2026-07-09,9,Thu,28,7,Jul,3,Q3,2026,FALSE
20260710,2026-07-10,10,Fri,28,7,Jul,3,Q3,2026,FALSE
